{"cameraMode":{"drawMode":0,"name":"Shaded","section":"Shading Mode"},"sceneLighting":false,"audioPlay":false,"sceneViewState":{"m_AlwaysRefresh":false,"showFog":true,"showSkybox":false,"showFlares":true,"showImageEffects":true,"showParticleSystems":true,"showVisualEffectGraphs":true,"m_FxEnabled":true},"in2DMode":false,"pivot":{"x":0.02261418104171753,"y":0.41864636540412905,"z":-0.06718301773071289},"rotation":{"x":0.33039939403533938,"y":0.029724648222327234,"z":-0.010410945862531662,"w":0.9433251619338989},"size":0.9480850100517273,"orthographic":false}