{"cameraMode":{"drawMode":0,"name":"Shaded","section":"Shading Mode"},"sceneLighting":false,"audioPlay":false,"sceneViewState":{"m_AlwaysRefresh":false,"showFog":true,"showSkybox":false,"showFlares":true,"showImageEffects":true,"showParticleSystems":true,"showVisualEffectGraphs":true,"m_FxEnabled":true},"in2DMode":false,"pivot":{"x":-0.01206827163696289,"y":0.6684138774871826,"z":-0.004691660404205322},"rotation":{"x":0.33039939403533938,"y":0.029724648222327234,"z":-0.010410945862531662,"w":0.9433251619338989},"size":2.3199360370635988,"orthographic":false}