{"cameraMode":{"drawMode":0,"name":"Shaded","section":"Shading Mode"},"sceneLighting":true,"audioPlay":false,"sceneViewState":{"m_AlwaysRefresh":false,"showFog":true,"showSkybox":true,"showFlares":true,"showImageEffects":true,"showParticleSystems":true,"showVisualEffectGraphs":true,"m_FxEnabled":true},"in2DMode":false,"pivot":{"x":0.7840499877929688,"y":2.6716866493225099,"z":-48.3006477355957},"rotation":{"x":-0.2116909772157669,"y":-0.006746154744178057,"z":0.0014612211380153895,"w":-0.9773141741752625},"size":1.0620993375778199,"orthographic":false}